engine,category,best_test,candidate_test,best_energy,candidate_energy,ratio_to_best
graaljs,access-char,charAt,baseline,92639289.0,93420018.5,1.0084276283683482
graaljs,access-char,charAt,charAt,92639289.0,92639289.0,1.0
graaljs,array-max,for,baseline,9697516.0,178271394.0,18.38320184261619
graaljs,array-max,for,for,9697516.0,9697516.0,1.0
graaljs,array-max,for,max-apply,9697516.0,17772629.5,1.832699167498151
graaljs,even-odd,bitwise,baseline,141782718.0,148349260.5,1.0463141248286691
graaljs,even-odd,bitwise,bitwise,141782718.0,141782718.0,1.0
graaljs,filter,baseline,baseline,117392461.0,117392461.0,1.0
graaljs,filter,baseline,for,117392461.0,202351655.0,1.723719336627588
graaljs,flatten-array,flat,baseline,3151969.0,114085370.5,36.19495321813127
graaljs,flatten-array,flat,flat,3151969.0,3151969.0,1.0
graaljs,flatten-array,flat,spread-concat,3151969.0,4854205.0,1.5400548038384896
graaljs,function,inline,arrow,146761770.0,153722415.0,1.0474281892348396
graaljs,function,inline,baseline,146761770.0,147404163.5,1.0043771174196114
graaljs,function,inline,inline,146761770.0,146761770.0,1.0
graaljs,json,hoist,baseline,4044850.5,150602336.5,37.23310330010961
graaljs,json,hoist,hoist,4044850.5,4044850.5,1.0
graaljs,lookup,map,baseline,16518176.0,100068592.0,6.058089706756969
graaljs,lookup,map,map,16518176.0,16518176.0,1.0
graaljs,loop-arr-length,hoist,baseline,106993989.0,108587612.5,1.014894514307715
graaljs,loop-arr-length,hoist,hoist,106993989.0,106993989.0,1.0
graaljs,loop-arr-length,hoist,inline,106993989.0,108600125.0,1.0150114601297835
graaljs,map-reduce,baseline,baseline,95563628.5,95563628.5,1.0
graaljs,map-reduce,baseline,for,95563628.5,116540809.0,1.2195100879828982
graaljs,math-floor,bitwise-or,baseline,141452519.0,142126192.0,1.0047625380216807
graaljs,math-floor,bitwise-or,bitwise-or,141452519.0,141452519.0,1.0
graaljs,math-floor,bitwise-or,double-not,141452519.0,141511265.0,1.0004153054354585
graaljs,math-floor,bitwise-or,parseInt,141452519.0,141971835.0,1.0036713096639869
graaljs,nested-lookup,map,baseline,7326244.5,101871993.0,13.90507687806488
graaljs,nested-lookup,map,map,7326244.5,7326244.5,1.0
graaljs,number-to-string,implicit,baseline,109544916.5,109655877.5,1.0010129269668118
graaljs,number-to-string,implicit,implicit,109544916.5,109544916.5,1.0
graaljs,number-to-string,implicit,string,109544916.5,109900170.5,1.0032429985009848
graaljs,number-to-string,implicit,toString,109544916.5,169695091.5,1.5490914313673332
graaljs,object-iteration,baseline,baseline,107286529.5,107286529.5,1.0
graaljs,object-iteration,baseline,for-in,107286529.5,163083444.5,1.520073817841223
graaljs,object-merging,baseline,baseline,159923937.5,159923937.5,1.0
graaljs,object-merging,baseline,spread,159923937.5,307353552.5,1.92187334369503
graaljs,object-shape,defined,baseline,67479716.0,105494725.0,1.5633546086649208
graaljs,object-shape,defined,defined,67479716.0,67479716.0,1.0
graaljs,polymorphic,split,baseline,95010194.0,114961101.0,1.2099870146565537
graaljs,polymorphic,split,split,95010194.0,95010194.0,1.0
graaljs,prototype,baseline,baseline,184536942.5,184536942.5,1.0
graaljs,prototype,baseline,function,184536942.5,187353585.5,1.0152633015473311
graaljs,regex,hoist,baseline,162310406.5,182515829.0,1.1244863033474073
graaljs,regex,hoist,hoist,162310406.5,162310406.5,1.0
graaljs,regex,hoist,inline,162310406.5,166038241.0,1.0229673166396758
graaljs,replace-loop,replace-regex,baseline,50936271.0,170310843.5,3.343606435186431
graaljs,replace-loop,replace-regex,replace-regex,50936271.0,50936271.0,1.0
graaljs,replace-loop,replace-regex,replaceAll,50936271.0,51740651.5,1.0157919000391686
graaljs,replace-loop,replace-regex,replaceAll-regex,50936271.0,54230757.5,1.064678596122594
graaljs,replace-loop,replace-regex,split-join,50936271.0,102098615.5,2.00443835984774
graaljs,replace-size,replaceAll,baseline,13344814.5,113274307.0,8.488263887070142
graaljs,replace-size,replaceAll,replace-regex,13344814.5,41377244.5,3.100623429422717
graaljs,replace-size,replaceAll,replaceAll,13344814.5,13344814.5,1.0
graaljs,replace-size,replaceAll,replaceAll-regex,13344814.5,41401810.5,3.1024642942770018
graaljs,replace-size,replaceAll,split-join,13344814.5,37656153.5,2.821781711540464
graaljs,search-string,baseline,baseline,163696754.5,163696754.5,1.0
graaljs,search-string,baseline,indexOf,163696754.5,163782418.0,1.0005233060378116
graaljs,string-from-array,join,baseline,74634758.0,101027604.5,1.3536267445256538
graaljs,string-from-array,join,concat,74634758.0,1058300909.5,14.179732578485751
graaljs,string-from-array,join,join,74634758.0,74634758.0,1.0
graaljs,string-from-array,join,literal,74634758.0,107111511.5,1.435142477449984
graaljs,substring,baseline,baseline,106630068.0,106630068.0,1.0
graaljs,substring,baseline,charAt,106630068.0,106994843.0,1.0034209393920672
graaljs,substring,baseline,substr,106630068.0,106847718.5,1.002041173789742
graaljs,sum-array,reduce,baseline,80807746.0,85913598.5,1.0631851864795239
graaljs,sum-array,reduce,reduce,80807746.0,80807746.0,1.0
hermes,access-char,baseline,baseline,164052833.0,164052833.0,1.0
hermes,access-char,baseline,charAt,164052833.0,270691232.0,1.650024733190679
hermes,array-max,max-apply,baseline,41723495.5,162498485.5,3.8946517676113688
hermes,array-max,max-apply,for,41723495.5,126405896.0,3.029609443916318
hermes,array-max,max-apply,max-apply,41723495.5,41723495.5,1.0
hermes,even-odd,bitwise,baseline,45029700.5,151116831.0,3.3559368443945123
hermes,even-odd,bitwise,bitwise,45029700.5,45029700.5,1.0
hermes,filter,baseline,baseline,167690855.5,167690855.5,1.0
hermes,filter,baseline,for,167690855.5,289611502.5,1.7270560260216454
hermes,flatten-array,spread-concat,baseline,3856405.5,180486842.5,46.80183204281811
hermes,flatten-array,spread-concat,flat,3856405.5,7715007.0,2.000569442191699
hermes,flatten-array,spread-concat,spread-concat,3856405.5,3856405.5,1.0
hermes,function,arrow,arrow,45479284.5,45479284.5,1.0
hermes,function,arrow,baseline,45479284.5,159677661.5,3.510997660924063
hermes,function,arrow,inline,45479284.5,45491918.5,1.000277796806588
hermes,json,hoist,baseline,14173669.5,126417218.0,8.91915943150784
hermes,json,hoist,hoist,14173669.5,14173669.5,1.0
hermes,lookup,map,baseline,45629766.0,98472190.5,2.1580691538063115
hermes,lookup,map,map,45629766.0,45629766.0,1.0
hermes,loop-arr-length,inline,baseline,84944088.0,95692351.5,1.1265333909995008
hermes,loop-arr-length,inline,hoist,84944088.0,85164729.5,1.0025974909519306
hermes,loop-arr-length,inline,inline,84944088.0,84944088.0,1.0
hermes,map-reduce,for,baseline,25983271.0,143377043.5,5.518052115147473
hermes,map-reduce,for,for,25983271.0,25983271.0,1.0
hermes,math-floor,double-not,baseline,37058956.5,150383557.0,4.057954438085702
hermes,math-floor,double-not,bitwise-or,37058956.5,37459651.0,1.0108123524740908
hermes,math-floor,double-not,double-not,37058956.5,37058956.5,1.0
hermes,math-floor,double-not,parseInt,37058956.5,2632246801.0,71.02862707426746
hermes,nested-lookup,map,baseline,1851985.0,175192910.5,94.59737011908844
hermes,nested-lookup,map,map,1851985.0,1851985.0,1.0
hermes,number-to-string,implicit,baseline,33927525.0,106300631.0,3.133167862966721
hermes,number-to-string,implicit,implicit,33927525.0,33927525.0,1.0
hermes,number-to-string,implicit,string,33927525.0,50866844.0,1.4992795377794284
hermes,number-to-string,implicit,toString,33927525.0,73090297.5,2.15430679072523
hermes,object-iteration,baseline,baseline,140177314.5,140177314.5,1.0
hermes,object-iteration,baseline,for-in,140177314.5,202305421.0,1.4432108485000261
hermes,object-merging,spread,baseline,48117339.5,114824810.0,2.386349935245277
hermes,object-merging,spread,spread,48117339.5,48117339.5,1.0
hermes,object-shape,defined,baseline,39340384.0,131511748.5,3.3429197971224682
hermes,object-shape,defined,defined,39340384.0,39340384.0,1.0
hermes,polymorphic,baseline,baseline,183522602.0,183522602.0,1.0
hermes,polymorphic,baseline,split,183522602.0,281561748.5,1.5342074787060833
hermes,prototype,function,baseline,46954988.0,128712836.0,2.741196228183468
hermes,prototype,function,function,46954988.0,46954988.0,1.0
hermes,regex,hoist,baseline,62658317.0,99798023.5,1.5927338664394703
hermes,regex,hoist,hoist,62658317.0,62658317.0,1.0
hermes,regex,hoist,inline,62658317.0,86849326.0,1.3860781801719955
hermes,replace-loop,replaceAll,baseline,110159722.0,158795583.0,1.4415031203510118
hermes,replace-loop,replaceAll,replace-regex,110159722.0,468913533.0,4.256669538436199
hermes,replace-loop,replaceAll,replaceAll,110159722.0,110159722.0,1.0
hermes,replace-loop,replaceAll,replaceAll-regex,110159722.0,486664220.5,4.417805452522837
hermes,replace-loop,replaceAll,split-join,110159722.0,135113576.0,1.2265243007784643
hermes,replace-size,replaceAll,baseline,95839537.5,181111230.5,1.8897339785263467
hermes,replace-size,replaceAll,replaceAll,95839537.5,95839537.5,1.0
hermes,search-string,baseline,baseline,145323633.5,145323633.5,1.0
hermes,search-string,baseline,indexOf,145323633.5,146408042.0,1.0074620244063743
hermes,string-from-array,join,baseline,122013847.5,141697574.0,1.161323709589602
hermes,string-from-array,join,concat,122013847.5,316474165.0,2.5937561308358874
hermes,string-from-array,join,join,122013847.5,122013847.5,1.0
hermes,string-from-array,join,literal,122013847.5,312098841.0,2.5578968895313294
hermes,substring,substr,baseline,104192452.0,108193876.0,1.0384041638640005
hermes,substring,substr,charAt,104192452.0,196915878.0,1.8899245983768576
hermes,substring,substr,substr,104192452.0,104192452.0,1.0
hermes,sum-array,reduce,baseline,125593184.0,140190772.5,1.116229145842819
hermes,sum-array,reduce,reduce,125593184.0,125593184.0,1.0
jsc,access-char,baseline,baseline,95692840.0,95692840.0,1.0
jsc,access-char,baseline,charAt,95692840.0,146565878.5,1.5316284739798713
jsc,array-max,for,baseline,12807828.5,187196481.0,14.615786040545437
jsc,array-max,for,for,12807828.5,12807828.5,1.0
jsc,array-max,for,max-apply,12807828.5,62817160.5,4.9045910085382545
jsc,even-odd,bitwise,baseline,69920963.5,91417643.0,1.307442552618715
jsc,even-odd,bitwise,bitwise,69920963.5,69920963.5,1.0
jsc,filter,for,baseline,132017209.5,135940143.0,1.0297153190470973
jsc,filter,for,for,132017209.5,132017209.5,1.0
jsc,flatten-array,flat,baseline,11139162.5,123269002.0,11.066271993069497
jsc,flatten-array,flat,flat,11139162.5,11139162.5,1.0
jsc,flatten-array,flat,spread-concat,11139162.5,27145133.0,2.4369096868817564
jsc,function,arrow,arrow,146123436.0,146123436.0,1.0
jsc,function,arrow,baseline,146123436.0,150374493.0,1.029092232679226
jsc,function,arrow,inline,146123436.0,154196047.0,1.0552451490396106
jsc,json,hoist,baseline,2078425.0,102880779.5,49.49939473399329
jsc,json,hoist,hoist,2078425.0,2078425.0,1.0
jsc,lookup,map,baseline,4772937.5,150663371.5,31.566173137611795
jsc,lookup,map,map,4772937.5,4772937.5,1.0
jsc,loop-arr-length,baseline,baseline,142154177.0,142154177.0,1.0
jsc,loop-arr-length,baseline,hoist,142154177.0,248085119.0,1.7451834637261485
jsc,loop-arr-length,baseline,inline,142154177.0,147645862.5,1.0386318968312833
jsc,map-reduce,for,baseline,43189250.5,116669989.0,2.7013663735609397
jsc,map-reduce,for,for,43189250.5,43189250.5,1.0
jsc,math-floor,parseInt,baseline,146482962.5,151260446.5,1.0326146052651004
jsc,math-floor,parseInt,bitwise-or,146482962.5,152352881.5,1.0400723667778087
jsc,math-floor,parseInt,double-not,146482962.5,152345496.5,1.0400219513583362
jsc,math-floor,parseInt,parseInt,146482962.5,146482962.5,1.0
jsc,nested-lookup,map,baseline,5296831.0,134697134.5,25.429758755754147
jsc,nested-lookup,map,map,5296831.0,5296831.0,1.0
jsc,number-to-string,toString,baseline,168100430.5,168937952.5,1.004982271595075
jsc,number-to-string,toString,implicit,168100430.5,169542412.5,1.0085780981982673
jsc,number-to-string,toString,string,168100430.5,169022943.5,1.0054878681586719
jsc,number-to-string,toString,toString,168100430.5,168100430.5,1.0
jsc,object-iteration,for-in,baseline,121206690.5,164764226.5,1.359365772799481
jsc,object-iteration,for-in,for-in,121206690.5,121206690.5,1.0
jsc,object-merging,baseline,baseline,158620626.5,158620626.5,1.0
jsc,object-merging,baseline,spread,158620626.5,171926409.5,1.0838843175291581
jsc,object-shape,defined,baseline,76656389.0,78713848.5,1.0268400263414443
jsc,object-shape,defined,defined,76656389.0,76656389.0,1.0
jsc,polymorphic,split,baseline,85557214.5,94365420.0,1.1029510550510033
jsc,polymorphic,split,split,85557214.5,85557214.5,1.0
jsc,prototype,function,baseline,1357235.0,158134178.0,116.51201007931567
jsc,prototype,function,function,1357235.0,1357235.0,1.0
jsc,regex,inline,baseline,48905087.5,155232452.0,3.1741575352462053
jsc,regex,inline,hoist,48905087.5,19545997081.5,399.6720603250122
jsc,regex,inline,inline,48905087.5,48905087.5,1.0
jsc,replace-loop,replace-regex,baseline,1939448.0,169760247.0,87.53018745539968
jsc,replace-loop,replace-regex,replace-regex,1939448.0,1939448.0,1.0
jsc,replace-loop,replace-regex,replaceAll,1939448.0,3977969827.5,2051.0835183516133
jsc,replace-loop,replace-regex,replaceAll-regex,1939448.0,2022364.0,1.0427523707776645
jsc,replace-loop,replace-regex,split-join,1939448.0,1954094088.0,1007.5516786219584
jsc,replace-size,baseline,baseline,93045996.5,93045996.5,1.0
jsc,replace-size,baseline,replace-regex,93045996.5,260387426.0,2.7984807062601558
jsc,replace-size,baseline,replaceAll,93045996.5,246826150.5,2.652732624557361
jsc,replace-size,baseline,replaceAll-regex,93045996.5,259976782.5,2.7940673675304235
jsc,replace-size,baseline,split-join,93045996.5,140783789.0,1.513055846524251
jsc,search-string,baseline,baseline,85448634.0,85448634.0,1.0
jsc,search-string,baseline,indexOf,85448634.0,85775232.0,1.0038221558930949
jsc,string-from-array,literal,baseline,185658002.5,190539765.0,1.026294382328066
jsc,string-from-array,literal,concat,185658002.5,186317882.5,1.0035542771715429
jsc,string-from-array,literal,join,185658002.5,3627601981.0,19.539163042541084
jsc,string-from-array,literal,literal,185658002.5,185658002.5,1.0
jsc,substring,charAt,baseline,108454312.0,124895799.0,1.1515982785451628
jsc,substring,charAt,charAt,108454312.0,108454312.0,1.0
jsc,substring,charAt,substr,108454312.0,115696816.5,1.0667793134864014
jsc,sum-array,reduce,baseline,69604344.5,89448074.5,1.2850932674180993
jsc,sum-array,reduce,reduce,69604344.5,69604344.5,1.0
qjs,access-char,baseline,baseline,108117582.5,108117582.5,1.0
qjs,access-char,baseline,charAt,108117582.5,127229899.0,1.17677343553256
qjs,array-max,max-apply,baseline,13499660.0,96419706.0,7.142380326615633
qjs,array-max,max-apply,for,13499660.0,176922856.5,13.10572684793543
qjs,array-max,max-apply,max-apply,13499660.0,13499660.0,1.0
qjs,even-odd,bitwise,baseline,99655628.5,107045197.5,1.07415104506616
qjs,even-odd,bitwise,bitwise,99655628.5,99655628.5,1.0
qjs,filter,baseline,baseline,107648467.0,107648467.0,1.0
qjs,filter,baseline,for,107648467.0,153022832.0,1.4215049806515128
qjs,flatten-array,spread-concat,baseline,3753957.5,1019328750.5,271.534440786823
qjs,flatten-array,spread-concat,flat,3753957.5,4059987.0,1.0815218339578965
qjs,flatten-array,spread-concat,spread-concat,3753957.5,3753957.5,1.0
qjs,function,inline,arrow,96982112.5,139561227.0,1.4390409056103
qjs,function,inline,baseline,96982112.5,138475140.0,1.4278420672678171
qjs,function,inline,inline,96982112.5,96982112.5,1.0
qjs,json,hoist,baseline,9288428.5,164839421.5,17.746750324880036
qjs,json,hoist,hoist,9288428.5,9288428.5,1.0
qjs,lookup,baseline,baseline,112212115.0,112212115.0,1.0
qjs,lookup,baseline,map,112212115.0,757210983.0,6.7480323581816455
qjs,loop-arr-length,inline,baseline,149818799.5,169884910.5,1.133935868308703
qjs,loop-arr-length,inline,hoist,149818799.5,150604137.5,1.0052419189221977
qjs,loop-arr-length,inline,inline,149818799.5,149818799.5,1.0
qjs,map-reduce,for,baseline,104027565.5,169717766.0,1.6314691705440323
qjs,map-reduce,for,for,104027565.5,104027565.5,1.0
qjs,math-floor,double-not,baseline,97174922.5,126154340.0,1.2982190955696415
qjs,math-floor,double-not,bitwise-or,97174922.5,107118439.0,1.1023259524595967
qjs,math-floor,double-not,double-not,97174922.5,97174922.5,1.0
qjs,math-floor,double-not,parseInt,97174922.5,765907524.5,7.881740523127251
qjs,nested-lookup,map,baseline,12320556.0,151432534.5,12.291047132937832
qjs,nested-lookup,map,map,12320556.0,12320556.0,1.0
qjs,number-to-string,string,baseline,109539240.0,184957382.0,1.6885034258043055
qjs,number-to-string,string,implicit,109539240.0,158748739.0,1.4492408291311862
qjs,number-to-string,string,string,109539240.0,109539240.0,1.0
qjs,number-to-string,string,toString,109539240.0,113257187.5,1.0339416952317726
qjs,object-iteration,baseline,baseline,143971799.5,143971799.5,1.0
qjs,object-iteration,baseline,for-in,143971799.5,369830169.0,2.5687681218431946
qjs,object-merging,spread,baseline,139391519.5,143559599.5,1.0299019625795816
qjs,object-merging,spread,spread,139391519.5,139391519.5,1.0
qjs,object-shape,defined,baseline,112250232.0,113347305.5,1.0097734630962723
qjs,object-shape,defined,defined,112250232.0,112250232.0,1.0
qjs,polymorphic,baseline,baseline,172119737.5,172119737.5,1.0
qjs,polymorphic,baseline,split,172119737.5,173601820.0,1.0086107643523452
qjs,prototype,function,baseline,78561474.5,89051347.0,1.1335243841432736
qjs,prototype,function,function,78561474.5,78561474.5,1.0
qjs,regex,hoist,baseline,84146208.0,94197909.5,1.1194551927996566
qjs,regex,hoist,hoist,84146208.0,84146208.0,1.0
qjs,regex,hoist,inline,84146208.0,90453321.0,1.0749542154056426
qjs,replace-loop,replaceAll,baseline,33337317.0,94030094.0,2.820565734189107
qjs,replace-loop,replaceAll,replace-regex,33337317.0,207835985.0,6.234334484685736
qjs,replace-loop,replaceAll,replaceAll,33337317.0,33337317.0,1.0
qjs,replace-loop,replaceAll,replaceAll-regex,33337317.0,213618777.0,6.407797514119087
qjs,replace-loop,replaceAll,split-join,33337317.0,68081003.0,2.042186028347752
qjs,replace-size,split-join,baseline,21887792.0,143201415.5,6.542524504070579
qjs,replace-size,split-join,replace-regex,21887792.0,182581380.5,8.341699359167887
qjs,replace-size,split-join,replaceAll,21887792.0,26458489.0,1.2088240330500217
qjs,replace-size,split-join,replaceAll-regex,21887792.0,190918884.0,8.722619622847294
qjs,replace-size,split-join,split-join,21887792.0,21887792.0,1.0
qjs,search-string,baseline,baseline,185000198.0,185000198.0,1.0
qjs,search-string,baseline,indexOf,185000198.0,194460561.5,1.0511370452695408
qjs,string-from-array,join,baseline,8842202.0,166514924.0,18.831838946904856
qjs,string-from-array,join,concat,8842202.0,109611230.5,12.396372589090365
qjs,string-from-array,join,join,8842202.0,8842202.0,1.0
qjs,string-from-array,join,literal,8842202.0,204792627.5,23.160817576888654
qjs,substring,baseline,baseline,140083839.0,140083839.0,1.0
qjs,substring,baseline,charAt,140083839.0,232780867.0,1.6617253543429802
qjs,substring,baseline,substr,140083839.0,140748480.0,1.0047445944139208
qjs,sum-array,reduce,baseline,121073909.0,129763553.5,1.0717714045228357
qjs,sum-array,reduce,reduce,121073909.0,121073909.0,1.0
sm,access-char,baseline,baseline,114034681.5,114034681.5,1.0
sm,access-char,baseline,charAt,114034681.5,155187987.5,1.3608841227832955
sm,array-max,for,baseline,123383290.0,129309636.0,1.048031998498338
sm,array-max,for,for,123383290.0,123383290.0,1.0
sm,array-max,for,max-apply,123383290.0,126926157.5,1.028714321850228
sm,even-odd,bitwise,baseline,78206312.0,84381497.5,1.0789601931363288
sm,even-odd,bitwise,bitwise,78206312.0,78206312.0,1.0
sm,filter,for,baseline,61349727.0,105612614.5,1.7214846693612833
sm,filter,for,for,61349727.0,61349727.0,1.0
sm,flatten-array,spread-concat,baseline,5032275.0,127407053.0,25.317983019608427
sm,flatten-array,spread-concat,flat,5032275.0,5919113.0,1.1762300351232793
sm,flatten-array,spread-concat,spread-concat,5032275.0,5032275.0,1.0
sm,function,baseline,arrow,120170010.5,120401822.0,1.0019290295393626
sm,function,baseline,baseline,120170010.5,120170010.5,1.0
sm,function,baseline,inline,120170010.5,120410672.0,1.0020026752015636
sm,json,hoist,baseline,7584362.0,148244981.5,19.54613736791572
sm,json,hoist,hoist,7584362.0,7584362.0,1.0
sm,lookup,map,baseline,17396470.5,97110072.5,5.582170963932023
sm,lookup,map,map,17396470.5,17396470.5,1.0
sm,loop-arr-length,hoist,baseline,115093790.5,124316484.5,1.0801319859215168
sm,loop-arr-length,hoist,hoist,115093790.5,115093790.5,1.0
sm,loop-arr-length,hoist,inline,115093790.5,122613608.5,1.0653364353309747
sm,map-reduce,for,baseline,27394217.0,174718394.5,6.377929856509496
sm,map-reduce,for,for,27394217.0,27394217.0,1.0
sm,math-floor,parseInt,baseline,119555327.0,119785094.0,1.0019218466108164
sm,math-floor,parseInt,bitwise-or,119555327.0,119912535.0,1.0029878049683223
sm,math-floor,parseInt,double-not,119555327.0,119910673.5,1.0029722347712704
sm,math-floor,parseInt,parseInt,119555327.0,119555327.0,1.0
sm,nested-lookup,map,baseline,2835045.0,122255974.0,43.12311585883116
sm,nested-lookup,map,map,2835045.0,2835045.0,1.0
sm,number-to-string,implicit,baseline,132933955.5,137895063.5,1.037320096143532
sm,number-to-string,implicit,implicit,132933955.5,132933955.5,1.0
sm,number-to-string,implicit,string,132933955.5,135120382.0,1.0164474643952048
sm,number-to-string,implicit,toString,132933955.5,134994710.5,1.0155020964527006
sm,object-iteration,baseline,baseline,94500735.0,94500735.0,1.0
sm,object-iteration,baseline,for-in,94500735.0,106349459.5,1.1253823528462503
sm,object-merging,baseline,baseline,163841469.0,163841469.0,1.0
sm,object-merging,baseline,spread,163841469.0,281058790.0,1.7154313356406734
sm,object-shape,defined,baseline,52209034.0,115864266.5,2.2192378908983454
sm,object-shape,defined,defined,52209034.0,52209034.0,1.0
sm,polymorphic,baseline,baseline,129353154.0,129353154.0,1.0
sm,polymorphic,baseline,split,129353154.0,131705412.5,1.0181847788574216
sm,prototype,function,baseline,5787858.0,159868639.5,27.621382469991488
sm,prototype,function,function,5787858.0,5787858.0,1.0
sm,regex,hoist,baseline,55633860.5,100150562.0,1.8001727922512225
sm,regex,hoist,hoist,55633860.5,55633860.5,1.0
sm,regex,hoist,inline,55633860.5,61727228.0,1.109526238970959
sm,replace-loop,baseline,baseline,151942573.0,151942573.0,1.0
sm,replace-loop,baseline,replace-regex,151942573.0,358562254.0,2.3598537718589245
sm,replace-loop,baseline,replaceAll,151942573.0,154534211.5,1.0170566974668778
sm,replace-loop,baseline,replaceAll-regex,151942573.0,365286724.0,2.404110426641255
sm,replace-loop,baseline,split-join,151942573.0,185510328.5,1.2209239638188831
sm,replace-size,replaceAll,baseline,18217818.5,110236076.5,6.051003115438877
sm,replace-size,replaceAll,replace-regex,18217818.5,114870311.5,6.305382365072965
sm,replace-size,replaceAll,replaceAll,18217818.5,18217818.5,1.0
sm,replace-size,replaceAll,replaceAll-regex,18217818.5,114478863.5,6.283895269897436
sm,replace-size,replaceAll,split-join,18217818.5,29692215.0,1.6298447039638693
sm,search-string,baseline,baseline,108238919.5,108238919.5,1.0
sm,search-string,baseline,indexOf,108238919.5,131940000.5,1.2189700443194096
sm,string-from-array,baseline,baseline,112630143.5,112630143.5,1.0
sm,string-from-array,baseline,concat,112630143.5,278060018.5,2.4687886373864028
sm,string-from-array,baseline,join,112630143.5,120683040.5,1.071498594867723
sm,string-from-array,baseline,literal,112630143.5,171460803.5,1.5223349466832563
sm,substring,charAt,baseline,60202940.5,156166287.5,2.593997671924347
sm,substring,charAt,charAt,60202940.5,60202940.5,1.0
sm,substring,charAt,substr,60202940.5,167997982.5,2.7905278563594416
sm,sum-array,reduce,baseline,133252344.5,145825311.0,1.094354561243761
sm,sum-array,reduce,reduce,133252344.5,133252344.5,1.0
v8,access-char,baseline,baseline,131160462.0,131160462.0,1.0
v8,access-char,baseline,charAt,131160462.0,131531768.0,1.0028309293390565
v8,array-max,for,baseline,13480740.0,148826889.5,11.039964386228055
v8,array-max,for,for,13480740.0,13480740.0,1.0
v8,array-max,for,max-apply,13480740.0,15899099.0,1.1793936386281465
v8,even-odd,baseline,baseline,86558006.0,86558006.0,1.0
v8,even-odd,baseline,bitwise,86558006.0,95727386.0,1.1059333552577448
v8,filter,baseline,baseline,99409871.5,99409871.5,1.0
v8,filter,baseline,for,99409871.5,111233815.5,1.1189413467856661
v8,flatten-array,spread-concat,baseline,10396305.0,135602039.5,13.043291775299013
v8,flatten-array,spread-concat,flat,10396305.0,15234427.0,1.4653693788321909
v8,flatten-array,spread-concat,spread-concat,10396305.0,10396305.0,1.0
v8,function,baseline,arrow,121952081.0,130989166.5,1.074103577617507
v8,function,baseline,baseline,121952081.0,121952081.0,1.0
v8,function,baseline,inline,121952081.0,122190421.5,1.001954378293881
v8,json,hoist,baseline,6232131.0,109864465.0,17.628715603057767
v8,json,hoist,hoist,6232131.0,6232131.0,1.0
v8,lookup,map,baseline,65166184.5,147506214.5,2.2635392210203746
v8,lookup,map,map,65166184.5,65166184.5,1.0
v8,loop-arr-length,baseline,baseline,60557767.5,60557767.5,1.0
v8,loop-arr-length,baseline,hoist,60557767.5,88166400.5,1.455905726709625
v8,loop-arr-length,baseline,inline,60557767.5,63598714.0,1.0502156308850057
v8,map-reduce,for,baseline,3149894.0,98160210.0,31.163020088929976
v8,map-reduce,for,for,3149894.0,3149894.0,1.0
v8,math-floor,baseline,baseline,137407485.5,137407485.5,1.0
v8,math-floor,baseline,bitwise-or,137407485.5,156894770.5,1.1418211309892574
v8,math-floor,baseline,double-not,137407485.5,157540978.5,1.1465239897720128
v8,math-floor,baseline,parseInt,137407485.5,162509472.0,1.1826828167960326
v8,nested-lookup,map,baseline,9009681.5,103251932.5,11.460109050469764
v8,nested-lookup,map,map,9009681.5,9009681.5,1.0
v8,number-to-string,baseline,baseline,159335194.0,159335194.0,1.0
v8,number-to-string,baseline,implicit,159335194.0,168629359.5,1.0583309014579667
v8,number-to-string,baseline,string,159335194.0,191202116.5,1.1999992700922057
v8,number-to-string,baseline,toString,159335194.0,188529363.5,1.183224865562344
v8,object-iteration,for-in,baseline,33905583.5,94031315.0,2.7733283221626315
v8,object-iteration,for-in,for-in,33905583.5,33905583.5,1.0
v8,object-merging,spread,baseline,68508705.0,93699833.5,1.3677069724205122
v8,object-merging,spread,spread,68508705.0,68508705.0,1.0
v8,object-shape,defined,baseline,93819859.0,94492098.0,1.0071652100862782
v8,object-shape,defined,defined,93819859.0,93819859.0,1.0
v8,polymorphic,baseline,baseline,152029365.5,152029365.5,1.0
v8,polymorphic,baseline,split,152029365.5,159586200.0,1.0497064134626017
v8,prototype,function,baseline,20250864.0,132366635.0,6.53634506656111
v8,prototype,function,function,20250864.0,20250864.0,1.0
v8,regex,hoist,baseline,62185418.5,108305082.0,1.7416475535981155
v8,regex,hoist,hoist,62185418.5,62185418.5,1.0
v8,regex,hoist,inline,62185418.5,64550402.0,1.0380311583816069
v8,replace-loop,baseline,baseline,135411244.5,135411244.5,1.0
v8,replace-loop,baseline,replace-regex,135411244.5,228244380.5,1.6855644547303454
v8,replace-loop,baseline,replaceAll,135411244.5,346616911.0,2.559735066905762
v8,replace-loop,baseline,replaceAll-regex,135411244.5,249462465.5,1.8422581257644375
v8,replace-loop,baseline,split-join,135411244.5,321436310.5,2.373778571247087
v8,replace-size,split-join,baseline,33757665.5,110636527.0,3.277374941700278
v8,replace-size,split-join,replace-regex,33757665.5,92981573.5,2.754383993170381
v8,replace-size,split-join,replaceAll,33757665.5,101791152.0,3.015349269338545
v8,replace-size,split-join,replaceAll-regex,33757665.5,93124822.5,2.758627444187454
v8,replace-size,split-join,split-join,33757665.5,33757665.5,1.0
v8,search-string,indexOf,baseline,123387288.0,123575367.5,1.001524302082075
v8,search-string,indexOf,indexOf,123387288.0,123387288.0,1.0
v8,string-from-array,concat,baseline,121320185.5,123879992.5,1.0210995968185361
v8,string-from-array,concat,concat,121320185.5,121320185.5,1.0
v8,string-from-array,concat,join,121320185.5,167134155.5,1.3776285851458743
v8,string-from-array,concat,literal,121320185.5,191466184.5,1.5781890186773577
v8,substring,charAt,baseline,35622498.0,101322494.5,2.84433995897761
v8,substring,charAt,charAt,35622498.0,35622498.0,1.0
v8,substring,charAt,substr,35622498.0,99833301.5,2.802535114185423
v8,sum-array,reduce,baseline,13089444.0,69282873.0,5.293034066229246
v8,sum-array,reduce,reduce,13089444.0,13089444.0,1.0
xs,access-char,baseline,baseline,158744985.5,158744985.5,1.0
xs,access-char,baseline,charAt,158744985.5,168082577.5,1.0588213351784899
xs,array-max,max-apply,baseline,20379922.5,125308578.0,6.148628779132992
xs,array-max,max-apply,for,20379922.5,127643929.5,6.263219573087189
xs,array-max,max-apply,max-apply,20379922.5,20379922.5,1.0
xs,even-odd,bitwise,baseline,180003994.5,184279984.5,1.023754972837561
xs,even-odd,bitwise,bitwise,180003994.5,180003994.5,1.0
xs,filter,baseline,baseline,165434574.0,165434574.0,1.0
xs,filter,baseline,for,165434574.0,221378309.0,1.3381622936932156
xs,flatten-array,flat,baseline,5889267.0,843781622.5,143.27447244283542
xs,flatten-array,flat,flat,5889267.0,5889267.0,1.0
xs,flatten-array,flat,spread-concat,5889267.0,6932538.0,1.177147852186019
xs,function,inline,arrow,36977627.5,73356898.5,1.9838184183125323
xs,function,inline,baseline,36977627.5,140860113.5,3.8093334543975272
xs,function,inline,inline,36977627.5,36977627.5,1.0
xs,json,hoist,baseline,27167899.0,129342350.5,4.76085215496421
xs,json,hoist,hoist,27167899.0,27167899.0,1.0
xs,lookup,map,baseline,9948704.5,150410229.0,15.118574383227484
xs,lookup,map,map,9948704.5,9948704.5,1.0
xs,loop-arr-length,hoist,baseline,87988849.0,123951739.5,1.4087210016805651
xs,loop-arr-length,hoist,hoist,87988849.0,87988849.0,1.0
xs,loop-arr-length,hoist,inline,87988849.0,89445449.5,1.0165543761119094
xs,map-reduce,for,baseline,66289594.5,139882881.5,2.1101785665622077
xs,map-reduce,for,for,66289594.5,66289594.5,1.0
xs,math-floor,double-not,baseline,77343674.0,153249699.5,1.981412203149284
xs,math-floor,double-not,bitwise-or,77343674.0,78499250.0,1.0149407952872784
xs,math-floor,double-not,double-not,77343674.0,77343674.0,1.0
xs,math-floor,double-not,parseInt,77343674.0,770211193.5,9.958295923464924
xs,nested-lookup,map,baseline,2012843.0,178553284.5,88.70701018410278
xs,nested-lookup,map,map,2012843.0,2012843.0,1.0
xs,number-to-string,string,baseline,108747707.5,167386320.5,1.5392170037239636
xs,number-to-string,string,implicit,108747707.5,123466176.0,1.1353450922172312
xs,number-to-string,string,string,108747707.5,108747707.5,1.0
xs,number-to-string,string,toString,108747707.5,186928507.0,1.7189190585925684
xs,object-iteration,baseline,baseline,110349326.5,110349326.5,1.0
xs,object-iteration,baseline,for-in,110349326.5,174406963.0,1.5804986630344318
xs,object-merging,spread,baseline,123978411.5,124102191.0,1.0009983955956718
xs,object-merging,spread,spread,123978411.5,123978411.5,1.0
xs,object-shape,defined,baseline,91978676.5,96947231.5,1.0540185528762203
xs,object-shape,defined,defined,91978676.5,91978676.5,1.0
xs,polymorphic,split,baseline,96979121.5,124961350.0,1.2885386881958918
xs,polymorphic,split,split,96979121.5,96979121.5,1.0
xs,prototype,function,baseline,81046118.5,127112315.0,1.568394851630063
xs,prototype,function,function,81046118.5,81046118.5,1.0
xs,regex,hoist,baseline,4529010.5,95887572.0,21.17185906281295
xs,regex,hoist,hoist,4529010.5,4529010.5,1.0
xs,regex,hoist,inline,4529010.5,94100162.0,20.77720111269338
xs,replace-loop,replaceAll,baseline,7721202.5,101489761.0,13.144294687258883
xs,replace-loop,replaceAll,replace-regex,7721202.5,230566609.0,29.861489709666337
xs,replace-loop,replaceAll,replaceAll,7721202.5,7721202.5,1.0
xs,replace-loop,replaceAll,replaceAll-regex,7721202.5,233120252.5,30.192221030338214
xs,replace-loop,replaceAll,split-join,7721202.5,13986200.5,1.8114018509422594
xs,replace-size,replaceAll,baseline,711546.0,72295194.5,101.60298069274509
xs,replace-size,replaceAll,replace-regex,711546.0,1487210.0,2.090110829096081
xs,replace-size,replaceAll,replaceAll,711546.0,711546.0,1.0
xs,replace-size,replaceAll,replaceAll-regex,711546.0,1525265.0,2.1435929651772336
xs,replace-size,replaceAll,split-join,711546.0,763853.5,1.0735124644084852
xs,search-string,baseline,baseline,145703240.5,145703240.5,1.0
xs,search-string,baseline,indexOf,145703240.5,155762907.0,1.0690421603903861
xs,string-from-array,join,baseline,29518388.0,168230770.5,5.699185555119067
xs,string-from-array,join,concat,29518388.0,229946402.5,7.789937665295273
xs,string-from-array,join,join,29518388.0,29518388.0,1.0
xs,string-from-array,join,literal,29518388.0,562612390.5,19.05972611038245
xs,substring,substr,baseline,147589588.0,152057014.0,1.0302692490746705
xs,substring,substr,charAt,147589588.0,231246753.0,1.566822945531903
xs,substring,substr,substr,147589588.0,147589588.0,1.0
xs,sum-array,reduce,baseline,140584296.0,144561702.5,1.0282919686847527
xs,sum-array,reduce,reduce,140584296.0,140584296.0,1.0
